{"_runtime":26.4591644,"hyper_scaled_train_loss":0.0011379127390682697,"_wandb":{"runtime":27},"_step":2528,"base_train_loss":0.10903919488191605,"_timestamp":1.7359191684502459e+09}