{"_timestamp":1.7359266417317765e+09,"_runtime":326.6913823,"_wandb":{"runtime":356},"_step":47729,"hyper_binary_train_loss":0.0022976254113018513}