{"_step":937,"_wandb":{"runtime":19},"base_train_loss":0.31188124418258667,"_timestamp":1.7359225235494835e+09,"_runtime":15.2984856}