{"_runtime":8.6752553,"_step":1590,"_wandb":{"runtime":34},"hyper_binary_train_loss":0.00038288658834062517,"_timestamp":1.7359256132527196e+09}