{"_timestamp":1.7359188618290436e+09,"_runtime":34.0477333,"_step":4119,"hyper_scaled_train_loss":0.002540371147915721,"hyper_binary_train_loss":0.00228349631652236,"_wandb":{"runtime":63},"base_train_loss":0.5204237699508667}