{"_wandb":{"runtime":24},"hyper_train_loss":0.004770439118146896,"_timestamp":1.73582463098057e+09,"_runtime":14.4255359,"_step":1590}