{"_step":3397,"hyper_scaled_train_loss":0.0011341727804392576,"hyper_binary_train_loss":0.0013582598185166717,"_wandb":{"runtime":51},"base_train_loss":0.34771132469177246,"_timestamp":1.7359228154526281e+09,"_runtime":40.1292779}