{"_wandb":{"runtime":68},"_step":15989,"hyper_scaled_train_loss":0.005677256267517805,"_timestamp":1.7359241126829367e+09,"_runtime":59.0759483,"hyper_binary_train_loss":0.003888466628268361}