{"_step":12644,"hyper_train_loss":0.00765074510127306,"_wandb":{"runtime":137},"base_train_loss":0.07633361965417862,"_timestamp":1.7356408121599317e+09,"_runtime":129.5804015}