{"_wandb":{"runtime":34},"_timestamp":1.735641094306048e+09,"_runtime":23.8773918,"_step":1590,"hyper_train_loss":0.004337991122156382}