{"_wandb":{"runtime":7},"_step":1590,"hyper_binary_train_loss":0.0008107502944767475,"_timestamp":1.7359181970497265e+09,"_runtime":6.1131076}