{"_timestamp":1.735824781280782e+09,"_runtime":14.9917935,"_step":1590,"hyper_train_loss":0.004087771289050579,"_wandb":{"runtime":29}}