{"hyper_binary_train_loss":0.00023149020853452384,"_timestamp":1.7359236866944873e+09,"_runtime":114.3276985,"_step":12299,"_wandb":{"runtime":123}}