{"_timestamp":1.7358233209336274e+09,"_runtime":129.6996511,"_step":6280,"base_train_loss":0.007958161644637585,"hyper_train_loss":0.00034878592123277485,"_wandb":{"runtime":141}}