{"_timestamp":1.7358247067309518e+09,"_runtime":9.9371585,"_step":1590,"_wandb":{"runtime":18},"hyper_train_loss":0.005461939610540867}