{"_wandb":{"runtime":25},"hyper_train_loss":0.027662063017487526,"_timestamp":1.7358248318505995e+09,"_runtime":14.7959161,"_step":1590}