{"_timestamp":1.7358240560129373e+09,"_runtime":114.5975929,"_step":6280,"base_train_loss":0.03523630648851395,"hyper_train_loss":0.0034079221077263355,"_wandb":{"runtime":126}}