{"_wandb":{"runtime":120},"_step":6280,"base_train_loss":0.02241835743188858,"_timestamp":1.735824450741622e+09,"_runtime":110.4953028,"hyper_train_loss":0.011336631141602993}