{"hyper_binary_train_loss":0.0014397313352674246,"_wandb":{"runtime":51},"base_train_loss":0.2249552309513092,"_timestamp":1.7359226978568215e+09,"_runtime":39.9739531,"_step":3397,"hyper_scaled_train_loss":0.0033734366297721863}