{"base_train_loss":0.21391335129737854,"_timestamp":1.7359226149248965e+09,"_runtime":40.3207369,"_step":3397,"hyper_scaled_train_loss":0.0020621763542294502,"hyper_binary_train_loss":0.0015467029297724366,"_wandb":{"runtime":52}}