{"_wandb":{"runtime":55},"base_train_loss":0.1963224709033966,"_timestamp":1.7359230439640162e+09,"_runtime":44.0132289,"_step":3397,"hyper_scaled_train_loss":0.0025978998746722937,"hyper_binary_train_loss":0.0019870430696755648}