{"_timestamp":1.7358293791861506e+09,"_runtime":170.3133532,"_step":15909,"hyper_train_loss":0.0008580480935052037,"_wandb":{"runtime":181}}