{"hyper_scaled_train_loss":0.0009396678069606423,"hyper_binary_train_loss":0.002337793353945017,"_wandb":{"runtime":70},"base_train_loss":0.14721831679344177,"_timestamp":1.7359194833713691e+09,"_runtime":37.3677019,"_step":4119}