{"_wandb":{"runtime":30},"base_train_loss":0.2284310907125473,"_timestamp":1.735912681567638e+09,"_runtime":26.2028317,"_step":2528,"hyper_train_loss":0.0009114499553106725}