{"base_train_loss":0.2013016641139984,"_timestamp":1.7359192829686964e+09,"_runtime":33.9902205,"_step":4119,"hyper_scaled_train_loss":0.0008011960308067501,"hyper_binary_train_loss":0.0009015246178023517,"_wandb":{"runtime":66}}