{"_wandb":{"runtime":31},"hyper_train_loss":0.0007494754972867668,"_timestamp":1.7356411584669085e+09,"_runtime":20.3410185,"_step":1590}