{"hyper_binary_train_loss":0.0021849628537893295,"_wandb":{"runtime":148},"base_train_loss":0.2811926305294037,"_timestamp":1.7359198963691795e+09,"_runtime":117.3240152,"_step":32757,"hyper_scaled_train_loss":0.0010154147166758776}