{"base_train_loss":0.2448512613773346,"_timestamp":1.7359222775058875e+09,"hyper_scaled_train_loss":NaN,"hyper_binary_train_loss":0.0018519966397434473,"_wandb":{"runtime":47},"_runtime":36.9392577,"_step":3397}