{"_runtime":57.5394288,"hyper_binary_train_loss":0.0007797761936672032,"_wandb":{"runtime":68},"_step":15989,"hyper_scaled_train_loss":0.005469242576509714,"_timestamp":1.735923846882653e+09}