{"_step":32757,"hyper_scaled_train_loss":0.0010556987253949046,"hyper_binary_train_loss":0.0008817364578135312,"_wandb":{"runtime":295},"base_train_loss":0.16374854743480682,"_timestamp":1.7359203904254444e+09,"_runtime":238.5155312}