{"_timestamp":1.7358250987213185e+09,"_runtime":177.7385197,"_step":15909,"_wandb":{"runtime":188},"hyper_train_loss":0.004828368313610554}