{"hyper_scaled_train_loss":0.013018069788813591,"hyper_binary_train_loss":0.001164957182481885,"_wandb":{"runtime":276},"base_train_loss":0.2271658480167389,"_timestamp":1.7359234623471541e+09,"_runtime":266.0040594,"_step":16759}