{"hyper_binary_train_loss":0.0016197504010051489,"_timestamp":1.735925747821004e+09,"_runtime":8.8649618,"_step":1590,"_wandb":{"runtime":32}}